<?xml version="1.0" encoding="UTF-8"?>
<project-private xmlns="http://www.netbeans.org/ns/project-private/1">
    <editor-bookmarks xmlns="http://www.netbeans.org/ns/editor-bookmarks/2" lastBookmarkId="0"/>
    <open-files xmlns="http://www.netbeans.org/ns/projectui-open-files/2">
        <group>
            <file>file:/C:/Users/ADRIAN/Desktop/Polimorfismo/src/polimorfismo/ViajeIncentivo.java</file>
            <file>file:/C:/Users/ADRIAN/Desktop/Polimorfismo/src/polimorfismo/ViajeFamiliar.java</file>
            <file>file:/C:/Users/ADRIAN/Desktop/Polimorfismo/src/polimorfismo/ClienteMain.java</file>
            <file>file:/C:/Users/ADRIAN/Desktop/Polimorfismo/src/polimorfismo/Viaje.java</file>
            <file>file:/C:/Users/ADRIAN/Desktop/Polimorfismo/test/co/unicauca/tallerpolimorfismo/modelo/ViajeTest.java</file>
        </group>
    </open-files>
</project-private>
